Fold,Train_Rows,Validation_Rows,Validation_Events,Validation_Event_Rate,Concordance_Index,Status,Error
1,6000,1500,592,0.39466666666666667,0.8364037501862625,PASS,
2,6000,1500,593,0.3953333333333333,0.8218491298256655,PASS,
3,6000,1500,593,0.3953333333333333,0.8195886497581352,PASS,
4,6000,1500,593,0.3953333333333333,0.8265529198541779,PASS,
5,6000,1500,593,0.3953333333333333,0.8313686681410456,PASS,
