Segment_ID,Persona,onboarding_completion,monthly_active_days,product_adoption_count,support_tickets_90d,support_resolution_days,service_incidents_90d,tenure_at_start
0,Service-Friction Risk,-0.261603233863129,-0.17207764712265658,-0.09503001716928226,1.11595703357173,0.83671882509031,1.0799921249845277,0.015236968401798381
1,Engaged & Embedded,0.6995447218507531,0.6525613822465625,0.4510391962526439,-0.4518463134308819,-0.28903574840805,-0.30076773205947815,0.045467764478685356
2,Low-Engagement Risk,-0.7995098592109747,-0.7944312338017622,-0.5652506357492582,-0.12343852138444265,-0.16197880050138397,-0.3099797605920169,-0.07374903325402386
