Repeat,Random_State,Adjusted_Rand_Index_vs_Baseline
1,43,0.9978071510777431
2,44,0.9983326128537872
3,45,0.9996101739321238
4,46,0.9843218401945296
5,47,0.9799459050984549
