Segment_ID,Persona,Record_Count,Event_Rate,Median_Duration,onboarding_completion,monthly_active_days,product_adoption_count,support_tickets_90d,support_resolution_days,service_incidents_90d,tenure_at_start,auto_renew_flag
0,Service-Friction Risk,1649,0.6318981200727714,8.3088,0.6386432134627047,16.4461399029715,3.5864160097028503,2.9739235900545786,4.417361613098848,1.5366889023650698,13.053746149181324,0.9029714978775015
1,Engaged & Embedded,3409,0.1293634496919918,14.7651,0.8068886160164271,20.21192915811088,4.6479906130830155,0.9222645937224992,2.346800909357583,0.3877970079202112,13.319704781460839,0.9451452038721032
2,Low-Engagement Risk,2442,0.6064701064701065,8.921399999999998,0.5438004291564291,13.577827682227683,2.6744471744471743,1.3542178542178542,2.581556920556921,0.3824733824733825,12.315328910728912,0.8656838656838657
