Segment_ID,Persona,onboarding_completion,monthly_active_days,product_adoption_count,support_tickets_90d,support_resolution_days,service_incidents_90d,tenure_at_start
0,Service-Friction Risk,0.6383221315151515,16.435607878787877,3.587272727272728,2.9733333333333647,4.415295454545454,1.5369696969697064,13.063444303030304
1,Engaged & Embedded,0.8070111203051643,20.21327259389671,4.648767605633813,0.9231220657277237,2.347609595070422,0.3884976525821681,13.319861473004694
2,Low-Engagement Risk,0.5439153087633088,13.584611138411137,2.673218673218663,1.3525798525798514,2.580976494676495,0.3808353808353846,12.30866633906634
