Risk_Tier,Record_Count,Event_Rate,Median_Duration,Mean_Partial_Hazard,onboarding_completion,monthly_active_days,product_adoption_count,support_tickets_90d,support_resolution_days,service_incidents_90d,tenure_at_start,auto_renew_flag
High Risk (Top 25%),1875,0.8757333333333334,3.3057,10.899719255127854,0.49094432853333336,13.08647856,2.6378666666666666,2.4362666666666666,3.8778405333333335,0.9578666666666666,11.32772,0.768
Mid Risk,3750,0.3192,12.70995,1.0977996679840398,0.6927352112,17.20743288,3.6490666666666667,1.4133333333333333,2.8128326666666665,0.6130666666666666,13.00310232,0.9466666666666667
Benchmark (Bottom 25%),1875,0.06666666666666667,15.2466,0.20031691721969166,0.8605274352000001,21.394232426666665,5.152,0.7930666666666667,2.01043312,0.37066666666666664,14.4028936,0.9786666666666667
